<?xml version="1.0" encoding="UTF-8"?>
<project-private xmlns="http://www.netbeans.org/ns/project-private/1">
    <editor-bookmarks xmlns="http://www.netbeans.org/ns/editor-bookmarks/2" lastBookmarkId="0"/>
    <open-files xmlns="http://www.netbeans.org/ns/projectui-open-files/2">
        <group>
            <file>file:/Users/xuanliliu/Documents/GitHub/Liu_Xuanli_002846060_assignments/Assignment3_LibraryManagementSystem/src/ui/manager/ManagerWorkAreaPanel.java</file>
            <file>file:/Users/xuanliliu/Documents/GitHub/Liu_Xuanli_002846060_assignments/Assignment3_LibraryManagementSystem/src/business/model/book/Author.java</file>
            <file>file:/Users/xuanliliu/Documents/GitHub/Liu_Xuanli_002846060_assignments/Assignment3_LibraryManagementSystem/src/business/directory/RentalDirectory.java</file>
            <file>file:/Users/xuanliliu/Documents/GitHub/Liu_Xuanli_002846060_assignments/Assignment3_LibraryManagementSystem/src/business/model/Library.java</file>
            <file>file:/Users/xuanliliu/Documents/GitHub/Liu_Xuanli_002846060_assignments/Assignment3_LibraryManagementSystem/src/business/security/CustomerRole.java</file>
            <file>file:/Users/xuanliliu/Documents/GitHub/Liu_Xuanli_002846060_assignments/Assignment3_LibraryManagementSystem/src/business/model/Branch.java</file>
            <file>file:/Users/xuanliliu/Documents/GitHub/Liu_Xuanli_002846060_assignments/Assignment3_LibraryManagementSystem/src/business/security/UserAccount.java</file>
            <file>file:/Users/xuanliliu/Documents/GitHub/Liu_Xuanli_002846060_assignments/Assignment3_LibraryManagementSystem/src/business/directory/BookDirectory.java</file>
            <file>file:/Users/xuanliliu/Documents/GitHub/Liu_Xuanli_002846060_assignments/Assignment3_LibraryManagementSystem/src/business/directory/AuthorDirectory.java</file>
            <file>file:/Users/xuanliliu/Documents/GitHub/Liu_Xuanli_002846060_assignments/Assignment3_LibraryManagementSystem/src/business/directory/CustomerDirectory.java</file>
            <file>file:/Users/xuanliliu/Documents/GitHub/Liu_Xuanli_002846060_assignments/Assignment3_LibraryManagementSystem/src/business/directory/UserAccountDirectory.java</file>
            <file>file:/Users/xuanliliu/Documents/GitHub/Liu_Xuanli_002846060_assignments/Assignment3_LibraryManagementSystem/src/ui/admin/AdminWorkAreaPanel.java</file>
            <file>file:/Users/xuanliliu/Documents/GitHub/Liu_Xuanli_002846060_assignments/Assignment3_LibraryManagementSystem/src/business/directory/BranchDirectory.java</file>
            <file>file:/Users/xuanliliu/Documents/GitHub/Liu_Xuanli_002846060_assignments/Assignment3_LibraryManagementSystem/src/ui/LoginFrame.java</file>
            <file>file:/Users/xuanliliu/Documents/GitHub/Liu_Xuanli_002846060_assignments/Assignment3_LibraryManagementSystem/src/ui/WorkAreaFrame.java</file>
            <file>file:/Users/xuanliliu/Documents/GitHub/Liu_Xuanli_002846060_assignments/Assignment3_LibraryManagementSystem/src/business/model/Rental/RentalRecord.java</file>
            <file>file:/Users/xuanliliu/Documents/GitHub/Liu_Xuanli_002846060_assignments/Assignment3_LibraryManagementSystem/src/ui/admin/AdminMainPanel.java</file>
            <file>file:/Users/xuanliliu/Documents/GitHub/Liu_Xuanli_002846060_assignments/Assignment3_LibraryManagementSystem/src/ui/admin/AdminManagerPanel.java</file>
            <file>file:/Users/xuanliliu/Documents/GitHub/Liu_Xuanli_002846060_assignments/Assignment3_LibraryManagementSystem/src/business/directory/LibraryDirectory.java</file>
            <file>file:/Users/xuanliliu/Documents/GitHub/Liu_Xuanli_002846060_assignments/Assignment3_LibraryManagementSystem/src/business/model/people/Employee.java</file>
            <file>file:/Users/xuanliliu/Documents/GitHub/Liu_Xuanli_002846060_assignments/Assignment3_LibraryManagementSystem/src/business/model/book/Book.java</file>
            <file>file:/Users/xuanliliu/Documents/GitHub/Liu_Xuanli_002846060_assignments/Assignment3_LibraryManagementSystem/src/business/security/BranchManagerRole.java</file>
            <file>file:/Users/xuanliliu/Documents/GitHub/Liu_Xuanli_002846060_assignments/Assignment3_LibraryManagementSystem/src/business/model/people/Person.java</file>
            <file>file:/Users/xuanliliu/Documents/GitHub/Liu_Xuanli_002846060_assignments/Assignment3_LibraryManagementSystem/src/business/LibrarySystem.java</file>
            <file>file:/Users/xuanliliu/Documents/GitHub/Liu_Xuanli_002846060_assignments/Assignment3_LibraryManagementSystem/src/business/security/SystemAdminRole.java</file>
            <file>file:/Users/xuanliliu/Documents/GitHub/Liu_Xuanli_002846060_assignments/Assignment3_LibraryManagementSystem/src/business/directory/EmployeeDirectory.java</file>
            <file>file:/Users/xuanliliu/Documents/GitHub/Liu_Xuanli_002846060_assignments/Assignment3_LibraryManagementSystem/src/business/model/people/Customer.java</file>
            <file>file:/Users/xuanliliu/Documents/GitHub/Liu_Xuanli_002846060_assignments/Assignment3_LibraryManagementSystem/src/business/ConfigureTheBusiness.java</file>
            <file>file:/Users/xuanliliu/Documents/GitHub/Liu_Xuanli_002846060_assignments/Assignment3_LibraryManagementSystem/src/ui/customer/CustomerWorkAreaPanel.java</file>
            <file>file:/Users/xuanliliu/Documents/GitHub/Liu_Xuanli_002846060_assignments/Assignment3_LibraryManagementSystem/src/business/model/Rental/RentalStatus.java</file>
            <file>file:/Users/xuanliliu/Documents/GitHub/Liu_Xuanli_002846060_assignments/Assignment3_LibraryManagementSystem/src/business/security/Role.java</file>
        </group>
    </open-files>
</project-private>
